{"x_0_loc": 0.004813178908079863, "x_0_scale": 0.009718683548271656, "w_0_loc": 1.5264912843704224, "w_0_scale": 0.04330255836248398, "v_0_loc": 0.4062659442424774, "v_0_scale": 0.04978995397686958, "sigma_loc": -1.930001139640808, "sigma_scale": 0.0011902464320883155}